    'brain', 'super', 'mathematics', 'IT','master', 'chemistry', 'dancing', 'dance', 'dancer','athlete', 'artist', 'leader', 'worker', 'human', 'person', 'individual',
    'partner', 'colleague', 'friend', 'student', 'citizen', 'resident', 'employee', 'college', 'art',
    'traveler', 'passenger', 'customer', 'client', 'consumer', 'player', 'performer',
    'scholar', 'researcher', 'writer', 'author', 'speaker', 'presenter', 'organizer',
    'volunteer', 'activist', 'advocate', 'participant', 'contributor', 'explorer',
    'adventurer', 'inventor', 'innovator', 'developer', 'designer', 'creator', 'maker',
    'entrepreneur', 'founder', 'executive', 'manager', 'administrator', 'director',
    'producer', 'controller', 'scientist', 'engineer', 'technician', 'analyst', 'expert',
    'consultant', 'specialist', 'professional', 'educator', 'teacher', 'professor',
    'trainer', 'coach', 'mentor', 'guide', 'counselor', 'advisor', 'therapist', 'helper',
    'supporter', 'assistant', 'caregiver', 'nurse', 'caretaker', 'provider', 'guardian',
    'guard', 'protector', 'defender', 'keeper', 'watcher', 'observer', 'monitor',
    'consumer', 'buyer', 'purchaser', 'shopper', 'spender', 'investor', 'saver',
    'borrower', 'lender', 'saver', 'earner', 'spender', 'donor', 'benefactor', 'patron',
    'recipient', 'receiver', 'giver', 'donor', 'philanthropist', 'supporter',
    'follower', 'subscriber', 'fan', 'enthusiast', 'audience', 'spectator', 'viewer',
    'reader', 'listener', 'spectator', 'participant', 'engager', 'user', 'consumer',
    'citizen', 'resident', 'voter', 'elector', 'taxpayer', 'registrant', 'subject',
    'subject', 'subject', 'occupant', 'tenant', 'householder', 'inhabitant', 'dweller',
    'occupier', 'user', 'operator', 'occupant', 'tenant', 'householder', 'inhabitant',
    'dweller', 'occupier', 'guest', 'visitor', 'caller', 'client', 'customer', 'invitee',
    'applicant', 'applicant', 'candidate', 'candidate', 'nominee', 'nominee', 'competitor',
    'contestant', 'challenger', 'contender', 'entrant', 'contender', 'applicant', 'contestant',
    'challenger', 'rival', 'competitor', 'contender', 'applicant', 'examinee', 'examinee',
    'candidate', 'apprentice', 'trainee', 'learner', 'intern', 'resident', 'fellow',
    'staff', 'crew', 'team', 'squad', 'group', 'company', 'unit', 'ensemble', 'collective',
    'association', 'community', 'society', 'organization', 'institution', 'club', 'society',
    'fraternity', 'brotherhood', 'sorority', 'sisterhood', 'club', 'group', 'society',
    'team', 'squad', 'group', 'class', 'grade', 'level', 'batch', 'generation', 'cohort',
    'year', 'period', 'era', 'epoch', 'age', 'time', 'era', 'period', 'age', 'time', 'year',
    'decade', 'century', 'millennium', 'economy', 'market', 'industry', 'sector', 'field',
    'branch', 'division', 'department', 'segment', 'domain', 'sphere', 'area', 'region',
    'territory', 'province', 'state', 'county', 'city', 'town', 'village', 'hamlet', 'borough',
    'district', 'neighborhood', 'community', 'locality', 'locale', 'area', 'zone', 'region',
    'territory', 'province', 'state', 'country', 'nation', 'land', 'continent', 'world',
    'planet', 'universe', 'cosmos', 'galaxy', 'system', 'sun', 'star', 'moon', 'planet',
    'asteroid', 'comet', 'meteor', 'nebula', 'black hole', 'constellation', 'cluster',
    'system', 'network', 'complex', 'array', 'structure', 'scheme', 'setup', 'configuration',
    'organization', 'arrangement', 'order', 'sequence', 'layout', 'design', 'plan', 'blueprint',
    'strategy', 'tactic', 'approach', 'method', 'process', 'procedure', 'technique', 'system',
    'mechanism', 'device', 'instrument', 'tool', 'apparatus', 'equipment', 'implement', 'utensil',
    'machine', 'contraption', 'gadget', 'widget', 'gizmo', 'thingamajig', 'doodad', 'doohickey',
    'whatchamacallit', 'device', 'apparatus', 'contraption', 'gadget', 'gizmo', 'widget',
    'instrument', 'tool', 'implement', 'utensil', 'machine', 'device', 'apparatus', 'contraption',
    'gadget', 'widget', 'instrument', 'tool', 'implement', 'utensil', 'machine', 'device', 'apparatus',
    'contraption', 'gadget', 'widget', 'instrument', 'tool', 'implement', 'utensil', 'machine', 'device',
    'apparatus', 'contraption', 'gadget', 'widget', 'instrument', 'tool', 'implement', 'utensil', 'machine',
    'device', 'apparatus', 'contraption', 'gadget', 'widget', 'instrument', 'tool', 'implement', 'utensil',
    'machine', 'device', 'apparatus', 'contraption', 'gadget', 'widget', 'instrument', 'tool', 'implement',
    'utensil', 'machine', 'device', 'apparatus', 'contraption', 'gadget', 'widget', 'instrument', 'tool',
    'implement', 'utensil', 'machine', 'device', 'apparatus', 'contraption', 'gadget', 'widget', 'instrument',
    'tool', 'implement', 'utensil', 'machine', 'device', 'apparatus', 'contraption', 'gadget', 'widget',
    'instrument', 'tool', 'implement', 'utensil', 'machine', 'football', 'sport', 'tennis', 'astronomy',
    'university', 'college', 'science', 'math', 'physics', 'algebra', 'computer', 'business', 'housemaker', 'Football', 
    'nurse','nurturing','empathetic','compassionate','math','science','beautiful','intelligent','creative'
